{"episode_reward": 4.595999999999999, "Episode": 3466, "_timestamp": 1720442952.8896515, "_runtime": 8577.32877445221, "_step": 6931, "success_rate": 0.0}