{"episode_reward": 60.885999999999946, "Episode": 24, "_timestamp": 1720444230.293525, "_runtime": 455.40511894226074, "_step": 1779, "success_rate": 0.0, "actor_loss": -0.8240113258361816}