{"memory size": 5810, "_timestamp": 1720482826.323406, "episode_reward": 56.27299999999999, "success_rate": 0.0, "_runtime": 610.1242289543152, "_step": 24, "critic_loss": 0.05623718723654747}