{"episode_reward": -1418.3204302874044, "Episode": 3, "_timestamp": 1720432406.6486323, "_runtime": 3.8501453399658203, "_step": 2}