{"episode_reward": 4.278000000000002, "Episode": 6, "_timestamp": 1720434244.7567964, "_runtime": 23.276089429855347, "_step": 11, "success_rate": 0.0}