{"episode_reward": 5.878999999999999, "Episode": 9, "_timestamp": 1720443358.001393, "_runtime": 31.333038091659546, "_step": 17, "success_rate": 0.0}