{"episode_reward": 8.12499999999999, "Episode": 11, "_timestamp": 1720434323.3692093, "_runtime": 73.20163226127625, "_step": 21, "success_rate": 0.0}