{"memory size": 25770, "_timestamp": 1720446611.310695, "episode_reward": 23.775000000000013, "success_rate": 0.0, "_runtime": 2339.8178539276123, "_step": 112, "actor_loss": -21.650768280029297}