{"episode_reward": 19.832000000000026, "Episode": 1, "_timestamp": 1720433801.5652802, "_runtime": 11.578500270843506, "_step": 1, "success_rate": 0.0}