{"episode_reward": 0.27, "Episode": 4, "_timestamp": 1720443194.6924286, "_runtime": 6.0008275508880615, "_step": 7, "success_rate": 0.0}