{"episode_reward": 0.11, "Episode": 35, "_timestamp": 1720434068.7997706, "_runtime": 46.94513463973999, "_step": 69, "success_rate": 0.0}