{"episode_reward": 15.186999999999983, "Episode": 11, "_timestamp": 1720443652.3429658, "_runtime": 200.93791890144348, "_step": 21, "success_rate": 0.0}