{"memory size": 1024, "_timestamp": 1720485074.764538, "episode_reward": 58.29900000000001, "success_rate": 0.0, "_runtime": 75.98895215988159, "_step": 4}