{"memory size": 3705, "_timestamp": 1720485318.1951196, "episode_reward": 17.55900000000001, "success_rate": 0.0, "_runtime": 319.4195337295532, "_step": 16}