{"episode_reward": 93.4149999999995, "Episode": 4, "_timestamp": 1720433890.1717546, "_runtime": 81.96233558654785, "_step": 7, "success_rate": 0.0}