{"episode_reward": 11.420000000000002, "Episode": 4, "_timestamp": 1720434368.8112292, "_runtime": 33.783337116241455, "_step": 7, "success_rate": 0.0}