{"episode_reward": 0.27, "Episode": 4, "_timestamp": 1720443377.4601817, "_runtime": 13.525684595108032, "_step": 7, "success_rate": 0.0}