{"memory size": 3584, "_timestamp": 1720484972.1704702, "episode_reward": 29.317000000000064, "success_rate": 0.0, "_runtime": 298.02104926109314, "_step": 14}