{"episode_reward": -380.00862162131773, "Episode": 1000, "_timestamp": 1720431945.4063241, "_runtime": 404.82107424736023, "_step": 999, "_wandb": {"runtime": 404}}