{"episode_reward": 0.7669999999999997, "Episode": 26, "_timestamp": 1720434138.159019, "_runtime": 62.532634019851685, "_step": 51, "success_rate": 0.0}